country,job_field,job_title,company_name,salary,remote_location,non_remote_location,job_description,rating,post_date,job_type
Australia,product manager,Product Manager - Junior Support,Null,Null,Null,Somersby NSW,Learn and support product cataloguing function to optimise sales potential of every product.,Null,2022-07-25 20:54:01.321810,Full-time
Australia,product manager,Product Manager,Null,131094151609,Null,Hybrid remote in New South Wales,"Manage end-to-end product lifecycle, helping to define, de-risk and execute against product vision.",Null,2022-08-09 20:54:01.327080,Null
Australia,product manager,Product Manager,InfoTrack,Null,Null,Australia,The Product Manager role is responsible for the product strategy and tactical implementation of our core products.,3.9,2022-08-06 20:54:01.332609,Null
Australia,product manager,"Manager - Product Management, Acceptance",MasterCard,Null,Null,St Leonards NSW,"Leverage working knowledge of Mastercard business, systems, products and customer requirements in making fact-based business and product decisions.",4.0,2022-08-11 20:54:01.337528,Full-time
Australia,product manager,Product Manager,Null,Null,Null,Pyrmont NSW 2009,At least 2 years working in a product manager role.,Null,2022-07-24 20:54:01.341930,Full-time
Australia,product manager,Principal Product Manager,NSW Government -Service NSW,142087170935,+1 location,Hybrid remote in Sydney NSW+1 location,Proactively seek to unify our customers’ experience across the product offering by engaging with other product teams.,4.0,2022-07-13 20:54:01.348795,Null
Australia,product manager,Junior Product Manager,The Just Group,Null,Null,Melbourne VIC,Supporting the product team with administrative needs.,3.6,2022-07-13 20:54:01.354319,Full-time
Australia,product manager,Product Manager,Null,Null,Null,Melbourne VIC,Creative mindset to innovate product lines.,Null,2022-07-13 20:54:01.358806,Full-time
Australia,product manager,"Product Manager, Chrome OS",Google,Null,Null,Sydney NSW,Experience managing day-to-day product direction.,4.3,2022-07-13 20:54:01.364392,Full-time
Australia,product manager,"Manager, Product Experience Design",MasterCard,Null,Null,St Leonards NSW,"In this role you will be working with an expert team of creatives, SMEs, product development specialists and developers to deliver product innovation events at…",4.0,2022-08-02 20:54:01.369632,Full-time
Australia,product manager,Junior Product Manager,Mattel,Null,Null,Richmond VIC 3121,"Liaising with global and regional Mattel offices on product issues including product development, compliance, pricing, avails, assortment mixes, global product…",4.0,2022-07-15 20:54:01.374719,Full-time
Australia,product manager,Senior Product Manager (Customer Engagement),Flight Centre,Null,Null,Hybrid remote in Queensland,"As the Product Manager you’ll be responsible for the product planning and execution throughout the product life cycle, including: gathering and prioritising…",3.5,2022-07-13 20:54:01.381911,Full-time
Australia,product manager,Product Support Manager,Oracle,Null,Null,Brisbane QLD,You will interact frequently with customers and other managers.,3.8,2022-07-13 20:54:01.386781,Null
Australia,product manager,Product Manager - Accountants,MYOB,Null,Null,Melbourne VIC,Experience in leading product and delivery teams.,3.5,2022-07-13 20:54:01.392333,Null
Australia,product manager,Product Manager (Pumps),Null,Null,Null,Brisbane QLD,Driving revenue growth for all pumping products.,Null,2022-07-13 20:54:01.396833,Null
Australia,data scientist,DigitalBCG | GAMMA Data Scientist,Boston Consulting Group,Null,+2 locations,Perth WA+2 locations,Are able to explain sophisticated data science concepts in an understandable manner.,4.2,2022-08-11 20:54:03.249834,Null
Australia,data scientist,Data Scientist,Insurance Australia Group,Null,Null,Sydney NSW 2000,Minimum 5+ years’ experience in customer analytics or data science.,3.7,2022-08-12 20:54:03.254910,Permanent +1
Australia,data scientist,Junior Data Scientist,Sydney Water,103308,Null,Hybrid remote in Parramatta NSW,"Strong expertise and experience with data structures, data modelling and ETL process.",3.8,2022-08-11 20:54:03.261482,Null
Australia,data scientist,Data Scientist,Null,Null,Null,Sydney NSW,"To lead the delivery of data analytics projects, including project design and ideation; identification of appropriate data sets and methodologies; and…",Null,2022-08-12 20:54:03.266072,Full-time
Australia,data scientist,Data Scientist - Queanbeyan,Southern NSW Local Health District,100107118735,+1 location,Queanbeyan NSW+1 location,Demonstrated high level of ability and extensive experience in multiple dialects of SQL scripting including MS SQL Server including the use of complex coding to…,2.0,2022-08-08 20:54:03.272425,Null
Australia,data scientist,Data Scientist,Null,Null,Null,Brisbane QLD,"Lead data analysis, data design and modelling, metadata management, data migration, and other data and database related activities.",Null,2022-08-08 20:54:03.276973,Null
Australia,data scientist,Data Science Graduate/Undergraduate - Immed Start!,UGL Limited,Null,Null,North Shore NSW,"Graduates receive structured, on-the-job training, guided learning plans and leadership mentoring.",3.6,2022-07-27 20:54:03.282151,Graduate +1
Australia,data scientist,Consulting - Data & AI - 2022/23 Summer Vacationer Program (...,Deloitte,Null,+1 location,Melbourne VIC 3000+1 location,"By joining us, you’ll be trained on a variety of methods and tools including advanced visualisation, rapid prototyping, Natural Language Processing (NLP) and…",3.9,2022-07-19 20:54:03.288597,Seasonal
Australia,data scientist,Data Scientist,Rio Tinto,Null,Null,Brisbane QLD,"Help shape the Exploration data science team, while inspiring and supporting a growing community of citizen data scientists across Rio Tinto Exploration.",3.9,2022-07-14 20:54:03.294102,Null
Australia,data scientist,Data Scientist,QBE,Null,Null,Temporarily Remote in Sydney NSW,"Leading analytical conversation with business centred on “The art of the possible using data science”, exploring data from a modelling perspective, and…",3.6,2022-08-09 20:54:03.299348,Permanent +1
Australia,data scientist,Graduate Machine Learning (Canberra based),Null,Null,+1 location,Canberra ACT+1 location,"As a Machine Learning Graduate, you will have the opportunity to learn from Data Scientists, DevOps engineers, and our consulting team to learn and apply best…",Null,2022-07-13 20:54:03.304215,Graduate
Australia,data scientist,Data scientist,Findex,Null,Null,Remote in Australia,"Understanding of data structures, data modelling and software architecture.",4.0,2022-08-05 20:54:03.309393,Null
Australia,data scientist,"Lecturer, Statistics and Data Science",University of Wollongong,107177123775,Null,Wollongong NSW,This position will have responsibility for the development and coordination of biostatistics and data science subjects for public health programs.,4.3,2022-08-11 20:54:03.315861,Null
Australia,data scientist,Data Scientist,Null,Null,Null,Canberra ACT,"Bachelor’s degree in data science, data analytics, software engineering, or related STEM field.",Null,2022-07-13 20:54:03.320563,Full-time
Australia,data scientist,Data Scientist,Australian Prudential Regulation Authority (APRA),Null,Null,Sydney NSW,Enhancing APRA’s data science capabilities and facilitating exploration of data and business problems.,4.5,2022-08-03 20:54:03.325523,Null
Australia,marketing specialist,Marketing Specialist,CatholicCare Sydney,91080,Null,Remote in Lewisham TAS,Null,4.1,2022-08-12 20:54:05.551489,Null
Australia,marketing specialist,Marketing Specialist,Unisson Disability,70000,Null,Remote in Sydney NSW,Null,3.0,2022-07-13 20:54:05.557153,Null
Australia,marketing specialist,Digital and Creative Specialist,Queensland Health,Null,Null,Brisbane QLD,Null,3.7,2022-07-13 20:54:05.561916,Null
Australia,marketing specialist,Marketing Automation Specialist,Australian National University,8401996713,Null,Canberra ACT,Null,4.2,2022-08-01 20:54:05.567089,Null
Australia,marketing specialist,Digital Marketing Specialist (SEO),Baby Bunting,Null,Null,Dandenong VIC,Null,3.3,2022-07-13 20:54:05.571932,Full-time +1
Australia,marketing specialist,Sports Marketing Event Specialist (m/w/d),Red Bull,Null,Null,New South Wales,Null,4.0,2022-07-20 20:54:05.577875,Full-time
Australia,marketing specialist,Digital Marketing Specialist - Google Ads,Null,7000090000,Null,Remote in Fortitude Valley QLD 4006,Null,Null,2022-08-03 20:54:05.582397,Null
Australia,marketing specialist,Senior Content Specialist,KPMG,Null,Null,Sydney NSW,Null,3.9,2022-08-12 20:54:05.587335,Full-time
Australia,marketing specialist,Sales Enablement and Marketing Specialist,KPMG,Null,Null,Sydney NSW,Null,3.9,2022-08-11 20:54:05.592525,Full-time
Australia,marketing specialist,Digital Marketing Specialist,Null,Null,Remote,Remote,Null,Null,2022-07-27 20:54:05.596767,Null
Australia,marketing specialist,Marketing Specialist,Null,Null,Remote,Remote,Null,Null,2022-07-26 20:54:05.600815,Part-time
Australia,marketing specialist,Influencer Marketing Specialist,Null,Null,Null,Remote in Chadstone VIC 3148,Null,Null,2022-07-13 20:54:05.605196,Full-time
Australia,marketing specialist,Marketing Specialist,Null,Null,Null,Remote in Melbourne VIC,Null,Null,2022-07-13 20:54:05.609848,Full-time
Australia,marketing specialist,Marketing Propositions Senior Specialist (Telstra Plus),Telstra,Null,Null,Remote in Australia,Null,4.0,2022-07-13 20:54:05.614874,Full-time
Australia,marketing specialist,Community Program Specialist,Null,Null,Null,Sydney NSW,Null,Null,2022-08-04 20:54:05.619076,Null
Australia,ui ux-designer,Web / UX Designer,Null,Null,Remote,Remote,Actualise Design is looking for freelance/contract web / UX designers to assist with overflow and project work.,Null,2022-07-27 20:54:06.901473,Freelance
Australia,ui ux-designer,UX/UI Experience Design - Early Career Opportunities,Macquarie Group Limited,Null,Null,Sydney NSW,"You’ll collaborate closely with teams of Product Owners, Business Analysts, Architects, Engineers, and other tech experts across the organisation.",3.8,2022-08-03 20:54:06.906953,Permanent +1
Australia,ui ux-designer,UX Designer,EY,73500,Null,Perth WA 6000,"We are looking for Perth based candidates, though we have a flexible working environment whereby you are not required to be in the office all the time.",4.0,2022-07-13 20:54:06.913177,Null
Australia,ui ux-designer,UX Designer,Suncorp Group,Null,Null,Brisbane QLD,"As a UX Designer, you will be responsible for delivering best in class user experience and design across Suncorp Bank’s key digital assets including mobile, web…",3.5,2022-08-11 20:54:06.919137,Permanent +1
Australia,ui ux-designer,UI/UX Designer,Kmart,Null,Null,Mulgrave VIC,Collaborate with UI designers and developers to ensure design handoff through to UAT is seamless and the integrity of the designs remains at a high standard.,3.8,2022-07-13 20:54:06.924862,Null
Australia,ui ux-designer,UX Designer,Null,64,Null,Adelaide CBD SA 5000,Globally recognised start-up with opportunities for progression.,Null,2022-07-25 20:54:06.930100,Null
Australia,ui ux-designer,UI/UX Designer,Servian,Null,Null,Brisbane QLD,Strong passion and background in cutting edge UX/UI Design.,3.5,2022-07-26 20:54:06.935209,Null
Australia,ui ux-designer,UX Designer,Capgemini Australia,Null,Null,Melbourne VIC,Need a strong UX designer with proven industry UX experience to work on a variety of UX projects for our Banking client.,3.8,2022-08-02 20:54:06.940340,Null
Australia,ui ux-designer,HMI/UI/UX Designer,Collins Aerospace,Null,Null,Sydney NSW,"Contract Basis: Full-time, Permanent.",3.6,2022-08-03 20:54:06.945511,Permanent +2
Australia,ui ux-designer,UX Designer,Michael Hill,Null,Null,Brisbane QLD,"Customer driven, creative, experience enhancer, curious, particular with details.",3.4,2022-07-13 20:54:06.951221,Full-time
Australia,ui ux-designer,UI UX Designer,Null,Null,Null,Sydney NSW,Work with product manager to define product functionality into mobile app and website prototypes.,Null,2022-07-13 20:54:06.955187,Null
Australia,ui ux-designer,UX Designer,Sportsbet,Null,Null,Melbourne VIC,As a User Experience Designer (UXD) you will have an unhealthy obsession with the customer and will tackle complex problems and transform them into designs that…,2.8,2022-08-12 20:54:06.960327,Full-time
Australia,ui ux-designer,UI/UX Designer,CoreLogic,Null,Null,Fortitude Valley QLD,"Using artificial intelligence and automation, we help real estate agents and business owners enjoy a more efficient, enjoyable, and hyper-personalised service…",3.3,2022-07-13 20:54:06.965854,Full-time
Australia,ui ux-designer,Digital UX/UI Designer,Null,Null,Null,Melbourne VIC,"As our UX Designer you will report to our Digital Optimisation Lead and be an important part of our web team, who is a diverse group of people hyper-focused on…",Null,2022-07-13 20:54:06.970401,Full-time
Australia,ui ux-designer,UX Designer - Marketing,Macquarie Group Limited,Null,Null,Sydney NSW,"In this role you will create intuitive, innovative and beautiful customer experiences that support growth and new client acquisition for a variety of retail…",3.8,2022-07-13 20:54:06.976032,Permanent +1
Australia,software engineer,"Software Engineer, Early Career",Google,Null,Null,Sydney NSW,"Google's software engineers develop the next-generation technologies that change how billions of users connect, explore, and interact with information and one…",4.3,2022-07-13 20:54:08.332382,Full-time
Australia,software engineer,Software Engineer - Permanent - Fully remote,Null,125000160000,Null,Melbourne City Centre VIC,Open to any Tech stack experience - Just need someone with applied skills in software development!,Null,2022-07-18 20:54:08.336942,Null
Australia,software engineer,Software Engineer - REACT (VPSG5.2),Null,114830125735,Null,Temporarily Remote in Victoria,Job type: Full time / 12 Months.,Null,2022-08-05 20:54:08.342514,Null
Australia,software engineer,Software Engineer,Australian Bureau of Meteorology,100075112725,Null,Australia,The Research Program of the Bureau of Meteorology is seeking an advanced software engineer with some computational science and / or data science and data…,3.3,2022-08-12 20:54:08.348134,Null
Australia,software engineer,Software Engineer,Slater and Gordon,Null,Null,Remote in Melbourne VIC,"Delivery of software solutions, including pipelines, testing and deployments.",2.9,2022-08-04 20:54:08.353444,Part-time +1
Australia,software engineer,Junior Front End Engineer,Null,Null,Null,Melbourne VIC,"As a Front End Engineer, you’ll work within a cross-functional team to give users the best experience while planning and booking their travel.",Null,2022-07-25 20:54:08.357682,Full-time
Australia,software engineer,Senior Software Engineer (VPSG6.2),Null,149025170579,Null,Temporarily Remote in Victoria,Job type: Full time / 12 Months.,Null,2022-08-12 20:54:08.363796,Null
Australia,software engineer,Junior Software Engineer,Null,Null,Null,Remote in Notting Hill VIC,Adheres to software engineering standards.,Null,2022-07-13 20:54:08.368225,Full-time
Australia,software engineer,Junior React Developer,Panthera Finance,6000080000,Null,Remote in Brisbane QLD,Job Type: Permanent - Full Time.,2.8,2022-07-29 20:54:08.374039,Null
Australia,software engineer,Junior React Developer (M17),Null,Null,Null,Remote in Melbourne VIC,"Seeking React Developers - multiple positions (full-stack, front-end & back-end).",Null,2022-08-08 20:54:08.378812,Contract
Australia,software engineer,Javascript Developer,Null,130000170001,Null,Melbourne VIC,This client is building apps that are utilised across the hospitality sector they are a small team making a large impact on you and I as we travel locally and…,Null,2022-08-05 20:54:08.383772,Null
Australia,software engineer,Graduate Software Engineer,Null,Null,Null,Victoria,"You will be responsible for partnering with Airwallex’s engineering teams to drive a high performance, data driven culture.",Null,2022-07-13 20:54:08.388297,Full-time
Australia,software engineer,Junior/Graduate Software Developer,Null,6000065000,Null,Ringwood VIC,Contribute to ongoing software improvement by problem-solving issues and adding new features using best practice.,Null,2022-07-26 20:54:08.393794,Null
Australia,software engineer,Real Time Streaming Software Engineer,Null,80000120000,Remote,Remote,"Also, knowledge of software engineering using a high level language and structured implementation / design approaches, with skills in the following :",Null,2022-07-13 20:54:08.399202,Null
Australia,software engineer,Freelance Developers,Null,Null,Null,Surfers Paradise QLD 4217,Competitive compensation + equity option plans by seniority.,Null,2022-07-13 20:54:08.403393,Null
Australia,data analyst,Entry level data analyst,Null,Null,Null,Sydney NSW,Null,Null,2022-07-27 20:54:09.755324,Contract
Australia,data analyst,Data Analyst (Remote-Australia),Null,Null,Remote,Remote,Null,Null,2022-07-14 20:54:09.761063,Full-time
Australia,data analyst,Data Analyst,Null,99431,Null,Sydney NSW,Null,Null,2022-08-12 20:54:09.766180,Null
Australia,data analyst,Expression of Interest - Data Analyst,EY,90000,Null,Perth WA 6000,Null,4.0,2022-07-18 20:54:09.771710,Null
Australia,data analyst,Data Analyst NMDS,Null,100107118735,Null,St Leonards NSW,Null,Null,2022-08-10 20:54:09.777903,Null
Australia,data analyst,Data Insights & Analytics Analyst,Telstra,85085131400,Null,Melbourne VIC,Null,4.0,2022-08-04 20:54:09.783730,Null
Australia,data analyst,Data Analyst,Kmart,Null,Null,Remote in Mulgrave VIC,Null,3.8,2022-07-19 20:54:09.788658,Null
Australia,data analyst,Junior Data Analyst,Null,Null,Null,Brisbane QLD 4000,Null,Null,2022-07-13 20:54:09.793190,Null
Australia,data analyst,Data Analyst,Null,Null,Null,Canberra ACT,Null,Null,2022-08-03 20:54:09.797098,Full-time
Australia,data analyst,Data Analyst,Origin Energy,Null,Null,Hybrid remote in Melbourne VIC,Null,3.8,2022-08-10 20:54:09.802720,Full-time
Australia,data analyst,EMR Data Analyst,Eastern Health,Null,Null,Box Hill VIC,Null,4.2,2022-08-11 20:54:09.809678,Full-time
Australia,data analyst,Data Analyst,University Of Technology Sydney,94656104713,Null,Broadway NSW 2007,Null,3.9,2022-07-19 20:54:09.816372,Null
Australia,data analyst,Junior Data Analyst (Research),Null,6000085000,Null,Melbourne VIC,Null,Null,2022-07-22 20:54:09.822331,Null
Australia,data analyst,Data Analyst,Acciona,Null,Null,Melbourne VIC,Null,4.0,2022-08-09 20:54:09.828891,Full-time
Australia,data analyst,Senior Analyst | Data & Analytics | Perth,Deloitte,Null,Null,Perth WA 6000,Null,3.9,2022-07-13 20:54:09.833929,Null
United Kingdom,product manager,LFD/PCR Product Manager,Null,4885962286,Temporarily Remote,Temporarily Remote,Change management and service/product introduction.,Null,2022-08-12 20:54:12.115587,"£48,859 - £62,286 a year"
United Kingdom,product manager,Product Manager,Null,7000090000,Remote,Remote,Translate product strategy into detailed requirements for prototype construction and final product development by engineering teams.,Null,2022-08-02 20:54:12.121435,"£70,000 - £90,000 a year"
United Kingdom,product manager,Product Manager,RNID,40,Remote,Remote,"Operational management for services or products, with the ability to redesign processes, amend existing process and plan and operationalise the stages of a new…",4.7,2022-08-12 20:54:12.128052,£40 a day
United Kingdom,product manager,"Product Manager, Google Arts and Culture",Google,Null,Null,London,"Experience in building and scaling consumer, lifestyle, gaming or entertainment based products with a focus on User engagement.",4.3,2022-07-13 20:54:12.132778,Null
United Kingdom,product manager,Product Manager,Null,4500063500,Remote,Remote,Experience in E2E product delivery.,Null,2022-07-27 20:54:12.137451,"£45,000 - £63,500 a year"
United Kingdom,product manager,Rotational Product Manager (RPM),Meta,Null,Null,London,Engage in all stages of a product's lifecycle and drive product development.,4.1,2022-07-18 20:54:12.143225,Full-time
United Kingdom,product manager,"Product Manager, CBDC's",Null,Null,Null,Remote in London,Identify strategic and tactical product opportunities to grow product adoption.,Null,2022-08-09 20:54:12.148166,Null
United Kingdom,product manager,Associate Delivery Manager - Product Delivery - London,BBC,Null,+1 location,London W12+1 location,Have an understanding of delivering digital products and services using agile methods.,4.2,2022-07-29 20:54:12.153294,Null
United Kingdom,product manager,Product Manager – Internal Communications – London – United...,LEGO,Null,Null,Hybrid remote in London,Proven experience within digital product management/digital product ownership.,4.2,2022-08-04 20:54:12.158487,Null
United Kingdom,product manager,"Product Manager – Fluent French – London, Palma",Null,Null,Null,London,"The Product manager plays a major role in complementing the Contracting team in the relationship management with hotel partners, through optimisation of rates…",Null,2022-08-12 20:54:12.162800,Full-time
United Kingdom,product manager,Product Manager,Volkswagen Group,Null,Null,Hybrid remote in Milton Keynes,"In this role, you'll be accountable for ensuring that all products are accurately set up for ordering and all product information is accurate.",4.1,2022-07-20 20:54:12.168079,Full-time
United Kingdom,product manager,Product Delivery Manager,NHS South Central and West Commissioning Support...,4712653219,+1 location,Remote in Eastleigh SO50+1 location,Data Management and Architecture services (DMA) are pleased to announce the advertisement of a Product Delivery Manager role within Data Management and…,3.7,2022-08-05 20:54:12.174605,"£47,126 - £53,219 a year"
United Kingdom,product manager,Product Manager,Null,Null,Null,London,"We’re looking for a strategy-led individual to monitor product performance, support the development of the product category strategy and develop product…",Null,2022-08-09 20:54:12.179230,Full-time
United Kingdom,product manager,Product Insight Manager,Null,Null,Remote,Remote,"Experience conducting product research on products, managing projects, and working in a scale, data driven organisation.",Null,2022-08-12 20:54:12.183945,Full-time
United Kingdom,product manager,Product Manager,Maintel,5500070000,Remote,Remote,"Through quarterly product planning, define the product strategy and roadmaps relating to the product domain.",3.4,2022-07-13 20:54:12.190413,"£55,000 - £70,000 a year"
United Kingdom,data scientist,Data Scientist,Heathrow,Null,Null,London,"A good knowledge of forecasting, machine learning and data modelling approaches.",4.0,2022-08-11 20:54:13.315280,Full-time
United Kingdom,data scientist,Health Data Scientist,University of Edinburgh,Null,Null,Edinburgh EH16,We are looking for a statistical epidemiologist or health data scientist with experience working with large electronic health record databases.,4.1,2022-07-20 20:54:13.320645,Full-time
United Kingdom,data scientist,Data Scientist,Null,Null,Remote,Remote,"Is experienced at analysing real world data using Python, Pandas, and Python visualisation libraries.",Null,2022-08-09 20:54:13.325423,Null
United Kingdom,data scientist,Data Scientist,Nottinghamshire Healthcare NHS Foundation Trust,4005745839,Null,Remote in Nottingham,"We need your skills in Python, text mining, machine learning, deep learning, and everything else that's needed to make reliable, accurate, performant models…",3.7,2022-07-21 20:54:13.330764,"£40,057 - £45,839 a year"
United Kingdom,data scientist,Graduate Data Scientist,Access,Null,Null,Hybrid remote in Loughborough,Undertake data cleaning and transformation to produce analysis datasets from both structured and unstructured data sources.,4.5,2022-08-05 20:54:13.335741,Null
United Kingdom,data scientist,Biostatistician / Epidemiologist / Health Data Scientist,University of Edinburgh,Null,Null,Edinburgh EH8,Experience of writing data analysis plans and preparing data output for publication.,4.1,2022-07-13 20:54:13.341164,Full-time
United Kingdom,data scientist,Data Scientist role,Deutsche Bank,Null,Null,London,Analysing large data sets from various sources of structured and unstructured data to identify trends and patterns to help the firm optimize is operations.,3.8,2022-08-05 20:54:13.346279,Null
United Kingdom,data scientist,"Data Scientist, TC",PwC,Null,Null,London,Tackling hands on data science problems for PwC and its clients.,4.0,2022-08-10 20:54:13.351284,Full-time
United Kingdom,data scientist,NLP Data Scientist,"JPMorgan Chase Bank, N.A.",Null,Null,Glasgow,Good understanding of relevant algorithms and data structures.,3.8,2022-08-10 20:54:13.356644,Full-time
United Kingdom,data scientist,Data Scientist,Rackspace,Null,Remote,Remote,Extending company’s data with third party sources of information when needed.,3.7,2022-08-03 20:54:13.362390,Full-time
United Kingdom,data scientist,DATA SCIENTIST,Null,Null,Null,Remote in Cambridgeshire,We offer a highly competitive above-market compensation and benefits package.,Null,2022-08-11 20:54:13.366428,Null
United Kingdom,data scientist,Data Scientist Intern,Samsung Electronics,Null,Null,Hybrid remote in Staines-upon-Thames,"Strong python skills for data analytics, familiar with common python packages including numpy, pandas, sk-learn and Keras and/or TensorFlow frameworks.",4.0,2022-07-13 20:54:13.371227,Internship
United Kingdom,data scientist,"Data Scientist, UK (Remote)",Null,Null,Null,Remote in Bath,Flexibility in working with a variety of data science approaches.,Null,2022-07-13 20:54:13.376417,Null
United Kingdom,data scientist,ALEXANDER MCQUEEN Junior Data Scientist,Groupe Kering,Null,Null,London,This is a great opportunity for someone with a keen interest in the fashion/retail industry and a passion for data science.,3.6,2022-07-21 20:54:13.381443,Full-time
United Kingdom,data scientist,Data Analytics Applications Undergraduate,Pfizer,Null,Null,Sandwich,"The department comprises laboratory scientists, ably supported by data science specialists who use their understanding of key enterprise applications to help…",4.2,2022-07-13 20:54:13.386417,Full-time
United Kingdom,marketing specialist,Entertainment Marketing Specialist (UK),Gymshark,Null,Null,Solihull,"Supporting in the implementation and execution of Talent & Entertainment marketing activations this includes events, shoots & talent key moments.",4.2,2022-08-04 20:54:14.614950,Null
United Kingdom,marketing specialist,"Specialist, Government Science Programmes",TÜV SÜD,Null,Remote,Remote,"As a Specialist in this team, you will support the delivery of the Flow Programme, a collection of Development, Research, Documentary Standards and Knowledge…",3.6,2022-08-12 20:54:14.620116,Full-time
United Kingdom,marketing specialist,Marketing Localization Specialist,Null,Null,Null,Remote in London,"With Jamf, IT and security teams are able to confidently manage and protect Mac, iPad, iPhone and Apple TV devices, easing the burden of updating, deploying and…",Null,2022-08-12 20:54:14.624442,Null
United Kingdom,marketing specialist,Onboarding Specialist,Null,Null,Null,Remote in London,Performing risk assessments on new personal account applications.,Null,2022-08-04 20:54:14.628515,Full-time
United Kingdom,marketing specialist,Marketing Strategy / Planning Specialist,UBS,Null,Null,London,Instigate and lead on transformational marketing projects to deliver on marketing plans and realize growth and efficiencies for UBS-AM Marketing.,3.8,2022-08-02 20:54:14.633652,Full-time
United Kingdom,marketing specialist,"Pharmacovigilance Country Specialist - UK, Ireland & Nordics",Null,Null,Null,London,Assist the Pharmacovigilance Country Head with close oversight of all PV activities across Moderna’s portfolio and throughout the clinical development and post…,Null,2022-08-10 20:54:14.637817,Null
United Kingdom,marketing specialist,CVM Marketing Specialist,Vodafone,Null,Null,Remote in Newbury,Be creatively innovative and identify new opportunities to deliver compelling marketing executions.,3.9,2022-08-12 20:54:14.642796,Null
United Kingdom,marketing specialist,Performance Marketing Specialist,Null,3200043000,Null,London,A strong interest in digital marketing and technology.,Null,2022-08-10 20:54:14.647716,"£32,000 - £43,000 a year"
United Kingdom,marketing specialist,Band and Orchestral Product Marketing Specialist,Null,Null,Null,Milton Keynes,"Responsible for planning, monitoring and reporting the marketing promotional budget for the UK.",Null,2022-08-01 20:54:14.652084,Full-time
United Kingdom,marketing specialist,Product Lifecycle Specialist,Honda Motor Europe Ltd,Null,Null,Remote in Bracknell,"In conjunction with the Product and Business Planning Section Manager, manage the product line up from launch to run out so that the sales and marketing…",4.0,2022-08-12 20:54:14.657354,Full-time
United Kingdom,marketing specialist,"Associate Marketing Specialist, International Marketing (Rem...",Null,Null,Temporarily Remote,Temporarily Remote,Requires relevant work experience in marketing and project management.,Null,2022-07-29 20:54:14.661837,Null
United Kingdom,marketing specialist,Performance Marketing Specialist - Remote job,Null,Null,Null,Remote in Nottingham NG13,"You're a marketing aficionado with experience in building effective multi-channel digital marketing strategies, especially in performance marketing.",Null,2022-08-04 20:54:14.665613,Null
United Kingdom,marketing specialist,Specialist,De Beers Group of Companies,Null,Null,London EC1N,Execute the fulfillment of contractual sales transactions to satisfy Anglo American’s and customers’ contractual obligations.,4.2,2022-08-06 20:54:14.670981,Full-time
United Kingdom,marketing specialist,"CRM Specialist, Consumer Marketing",JustGiving,Null,Remote,Remote,"An understanding of the customer lifecycle, and how to influence behaviour through email marketing activities.",5.0,2022-08-08 20:54:14.676729,Full-time
United Kingdom,marketing specialist,Support Specialist - 12M FTC,PwC,Null,Null,Remote in Birmingham,Agility to learn and follow new processes quickly and efficiently.,4.0,2022-08-10 20:54:14.682115,Full-time
United Kingdom,ui ux-designer,Junior UX Designer,Null,Null,Null,Hybrid remote in Ipswich,This UX Designer role is aligned to the WTW Risk Technology function.,Null,2022-07-30 20:54:15.918516,Null
United Kingdom,ui ux-designer,Junior UI/UX Designer,Creditsafe,Null,Null,Caerphilly,We are looking for a Junior UI/UX Designer to turn our software into easy-to-use products for our customers.,3.3,2022-08-08 20:54:15.923845,Full-time
United Kingdom,ui ux-designer,UX/UI Designer,Null,Null,Null,Remote in Edinburgh,This is a full-time permanent position based out of Rockstar's unique game development studio in the heart of Edinburgh.,Null,2022-08-09 20:54:15.928263,Full-time
United Kingdom,ui ux-designer,Designer,Barclays,Null,Null,Remote in Glasgow,You will be collaborating with product managers and engineers to gather requirements from users before designing ideas that can be communicated using…,3.9,2022-08-10 20:54:15.933220,Part-time
United Kingdom,ui ux-designer,Junior UX Designer,Null,Null,Null,Hybrid remote in Bristol BS1,"Working closely with our UX lead, you’ll be involved from initial briefing and research to creating the specification, information architecture, user journeys,…",Null,2022-07-13 20:54:15.937292,Null
United Kingdom,ui ux-designer,UX Designer,University of Exeter,Null,Null,Remote in Exeter,Full time or part time options available – permanent opportunity.,4.2,2022-08-11 20:54:15.942550,Part-time +1
United Kingdom,ui ux-designer,UI/UX Designer,Null,Null,Null,Remote in London SW1A,"Work closely with other designers, user researchers and product owners to ensure we are aligned around and continuously improving excellent end-to-end journeys.",Null,2022-07-20 20:54:15.946722,Null
United Kingdom,ui ux-designer,UX/UI Designer - Remote,Client Server,400,Null,Remote in London,Successful FinTech start-up is seeking a UX/UI Designer to join their team for a fully remote 3-month contract.,4.2,2022-07-26 20:54:15.951925,£400 a day
United Kingdom,ui ux-designer,Junior Product Designer UI / UX,Client Server,3500050000,Null,Hybrid remote in London,"There's a focus on user-centric design, creating intuitive user journeys and interfaces to make it possible for clients to easily access what they need to know.",4.2,2022-07-28 20:54:15.958138,"£35,000 - £50,000 a year"
United Kingdom,ui ux-designer,UX Designer,Cera Care,Null,Temporarily Remote,Temporarily Remote,Reporting to: Head of Product.,3.2,2022-08-05 20:54:15.963784,Full-time
United Kingdom,ui ux-designer,UX/UI Designer (Product),Null,Null,Null,Remote in London,"Coming up with modern, creative design solutions to bring visual consistency and impact to our website.",Null,2022-07-13 20:54:15.967956,Null
United Kingdom,ui ux-designer,UI / UX Designer,"JPMorgan Chase Bank, N.A.",Null,Null,Glasgow,"Produce user-centered designs and user journeys in collaboration with clients, stakeholders and the development team.",3.8,2022-07-13 20:54:15.973281,Full-time
United Kingdom,ui ux-designer,"UI/UX Designer - Remote/London, UK",Null,Null,Null,Remote in London,This role can be role can be based remotely with occasional travel to our London head office.,Null,2022-07-13 20:54:15.977202,Null
United Kingdom,ui ux-designer,UX/UI Designer,Ageas,Null,Null,Remote in Bournemouth,"Contract Type: 12 month Fixed Term Contract - Part Time, Full Time, Job Share option available.",3.5,2022-07-13 20:54:15.982223,Part-time +1
United Kingdom,ui ux-designer,UX Researcher/Designer,Leeds Building Society,39500,Null,Hybrid remote in Leeds,We can provide all of the training and skills you'll need to develop and grow in UX research so long as you have a strong web or graphic design background.,3.4,2022-08-05 20:54:15.988160,"£39,500 a year"
United Kingdom,software engineer,Graduate Front End Software Engineer,Schlumberger,4000050000,Null,Abingdon,Support the software reliability engineering and contribute to the software operation.,4.0,2022-07-13 20:54:17.412128,"£40,000 - £50,000 a year"
United Kingdom,software engineer,Software Engineer,PwC,Null,+1 location,London+1 location,Familiarity with software engineering best practices.,4.0,2022-07-26 20:54:17.417963,Full-time
United Kingdom,software engineer,Software Development Internship,Softwire,30000,Null,London,"You and your intern colleagues will be exposed to the full delivery lifecycle, guided by experienced software engineers.",4.7,2022-07-13 20:54:17.424153,"£30,000 a year"
United Kingdom,software engineer,Software Development Engineer,EMIS Group Plc,Null,Remote,Remote,Using artificial intelligence to warn our users that they might have entered identifiable patient data into our system.,3.4,2022-08-12 20:54:17.430182,Null
United Kingdom,software engineer,Python - Software Engineer,"JPMorgan Chase Bank, N.A.",Null,+1 location,London+1 location,"Assesses the vision of the business or key stakeholders and advises on technology options, risks, and costs versus benefits of various approaches.",3.8,2022-08-12 20:54:17.435277,Full-time
United Kingdom,software engineer,Software Developer Apprenticeship,NatWest,20000,Null,Edinburgh,"From home working to job sharing, visit the remote and flexible working page on our website to find out more.",3.8,2022-07-13 20:54:17.441421,"£20,000 a year"
United Kingdom,software engineer,Junior Frontend Developer,Null,50000,Remote,Remote,Junior Frontend Developer required for a specialist market research analytics business looking to hire on a permanent basis.,Null,2022-08-12 20:54:17.446342,"£50,000 a year"
United Kingdom,software engineer,Principle Software Engineer,MasterCard,Null,Null,Hybrid remote in London,"The Engineering team is looking for experienced and passionate Development lead to help build, test and maintain the next generation of our market-leading…",4.0,2022-08-02 20:54:17.451542,Full-time
United Kingdom,software engineer,Junior Software Engineer,Thomson Reuters,Null,Null,London E14,Troubleshoot and debug software issues.,3.9,2022-08-11 20:54:17.457126,Null
United Kingdom,software engineer,Software Engineer Intern,GE Renewable Energy,Null,Null,Lisburn BT28,Customer service intern provides software support for our Transformer Monitoring and Diagnostics Software product “Perception”.,3.7,2022-08-04 20:54:17.462338,Internship
United Kingdom,software engineer,Entry Level / Junior Software Engineer,Null,Null,Null,London,"You are a broadly skilled engineer, interested in developing web services and building always-on systems, working across a variety of technologies and service…",Null,2022-07-13 20:54:17.466558,Full-time
United Kingdom,software engineer,Software Developers,Companies House,3263936554,Remote,Remote,"Building a combination of web services for our online users, APIs for external software developers to build against and software for our internal users.",4.4,2022-08-02 20:54:17.473241,"£32,639 - £36,554 a year"
United Kingdom,software engineer,Software Engineer - Unit 2 Games,Meta,Null,+1 location,+1 locationRemote,"Strong communication and interpersonal skills are a must, as is a proven track record applying C++ to games.",4.1,2022-08-06 20:54:17.478748,Null
United Kingdom,software engineer,Software Engineer - Python,"JPMorgan Chase Bank, N.A.",Null,Null,Glasgow,"Understanding of software skills such as business analysis, development, maintenance, and software improvement.",3.8,2022-08-12 20:54:17.484244,Full-time
United Kingdom,software engineer,Software Engineer,Lloyds Banking Group,3565657941,+2 locations,Edinburgh+2 locations,"You will work in cross-disciplinary teams delivering these solutions, showcasing excellent interpersonal and communication skills whilst efficiently working…",3.8,2022-08-08 20:54:17.490992,"£35,656 - £57,941 a year"
United Kingdom,data analyst,People Data Analyst,Null,2858839691,Remote,Remote,Bringing together multiple data sources (including a mixture of quantitative and qualitative data) to reveal patterns and correlations.,Null,2022-08-08 20:54:18.867284,"£28,588 - £39,691 a year"
United Kingdom,data analyst,Data Analyst - Performance,Null,36588,Remote,Remote,Contribute to improving data management and the quality of data recording through increasing efficiency and automation.,Null,2022-08-06 20:54:18.873392,"£36,588 a year"
United Kingdom,data analyst,Junior Analyst: Analytics & Data Science,Essex County Council,28499,Null,Remote in Chelmsford,The role requires the ability to demonstrate technical skills in a range of data science and/or analytical specialisms and will be supported to develop these as…,3.8,2022-07-29 20:54:18.879970,"Up to £28,499 a year"
United Kingdom,data analyst,Data Analyst,Cera Care,Null,Remote,Remote,"Data engineering to discuss data pipelines, model and transform data.",3.2,2022-08-12 20:54:18.885850,Null
United Kingdom,data analyst,MI and Data Analyst,Babington,Null,Remote,Remote,"Working with data in a funded educational environment (FE, Private Training Provider).",3.3,2022-08-12 20:54:18.891906,Permanent
United Kingdom,data analyst,Data Analytics Applications Undergraduate,Pfizer,Null,Null,Sandwich,"The department comprises laboratory scientists, ably supported by data science specialists who use their understanding of key enterprise applications to help…",4.2,2022-07-13 20:54:18.897336,Full-time
United Kingdom,data analyst,Data Analyst - University of London Careers Service,University of London,32445,Null,London,"The key purpose of the role is to collect, organise, interpret, articulate and produce high quality analysis from a range of data sources for a range of…",4.0,2022-07-19 20:54:18.903921,"£32,445 a year"
United Kingdom,data analyst,Data/Pricing Analyst,Null,3200043000,Null,Oxfordshire,Ensure that product data is updated and consistent across ERP platforms.,Null,2022-07-29 20:54:18.909302,"£32,000 - £43,000 a year"
United Kingdom,data analyst,Data Analyst,University of Leeds,2792433309,Null,Leeds,Are you experienced in drawing insight from data and passionate about using data visualisation to support evidence-based decision making?,4.3,2022-08-09 20:54:18.915361,"£27,924 - £33,309 a year"
United Kingdom,data analyst,Data Analyst,South Tyneside and Sunderland NHS Foundation Trust,2565531534,Null,Sunderland,"We are looking for someone who has experience of data extraction, analysis and visualisation techniques, with strong customer service and communication skills.",3.5,2022-08-09 20:54:18.921899,"£25,655 - £31,534 a year"
United Kingdom,data analyst,Data Analyst,Null,45000,Null,Remote in Edinburgh EH13,Select and implement analytical methods to evaluate data against ground truth in Python.,Null,2022-08-08 20:54:18.927886,"Up to £45,000 a year"
United Kingdom,data analyst,Data Analyst,Null,3632942481,Null,Temporarily Remote in London,"Oversight activities include managing data received from third party complaints surveys, analysis of results using excel functions and data analysis.",Null,2022-08-04 20:54:18.933433,"£36,329 - £42,481 a year"
United Kingdom,data analyst,Data Analyst,UBS,Null,Null,London,Hands-on experience with data analysis and data visualization.,3.8,2022-08-10 20:54:18.939793,Full-time
United Kingdom,data analyst,Data Support Analyst,University of Edinburgh,Null,Null,Edinburgh EH4,Experience of using data handling libraries such as pandas or R data.,4.1,2022-07-13 20:54:18.945222,Full-time +1
United Kingdom,data analyst,Data Analyst,City & Guilds,37000,Null,London,"You will interpret data, analyse results, develop and data collection methods to optimise efficiency and quality.",3.9,2022-08-12 20:54:18.951938,"£37,000 a year"
Canada,product manager,"Product Manager, Revision Experience",Null,156000-286000,Remote,Remote,"Dive deep into existing user research and experimental data, then develop a forward-looking research plan to craft your team’s vision and roadmap.",Null,2022-07-13 20:54:20.341780,Null
Canada,product manager,"Senior Product Manager, New Product Experiences",Null,156000-286000,Remote,Remote,"The team is fairly large and works with several sub-teams, and you’ll need to work closely with engineering leadership to ensure smooth and efficient operations…",Null,2022-08-02 20:54:20.346438,Null
Canada,product manager,Associate Product Manager,Null,Null,Remote,Remote,"You will work with client stakeholders, internal software engineering, and UI/UX design teammates to bring clarity and alignment from start to finish.",Null,2022-08-10 20:54:20.351387,Full-time
Canada,product manager,Product Manager (remote optional),Null,110000-140000,Null,"Remote in Vancouver, BC",Bridge the gap between internal and external stakeholders to define requirements.,Null,2022-07-13 20:54:20.356729,Null
Canada,product manager,"Manager, Product Management",MasterCard,Null,Null,"Hybrid remote in Vancouver, BC",You have experience presenting roadmaps to a variety of internal and external stakeholders while managing delivery expectations and feature capabilities.,4.0,2022-08-02 20:54:20.362526,Full-time
Canada,product manager,Product Manager,Royal Bank of Canada,Null,Null,"Toronto, ON",Closely track internal progress and proactively communicate potential delays with stakeholders.,4.0,2022-08-06 20:54:20.367968,Full-time
Canada,product manager,Product Manager | Chef de produit,Meta,Null,+1 location,+1 locationRemote,"Incorporate data, research and market analysis to inform product strategies and roadmaps.",4.1,2022-07-13 20:54:20.374444,Full-time
Canada,product manager,"Project Manager, Product Innovation",Lululemon,Null,Null,"Vancouver, BC","You have an informed point of view and are an expert on the existing market, future macro/meso/ micro trends, an deep understanding of technology, research,…",4.2,2022-07-13 20:54:20.379355,Null
Canada,product manager,Product Manager,NEOGOV,Null,Null,Remote in Ontario,You will be shaping the product roadmap and solving real problems for public service employees.,3.6,2022-08-12 20:54:20.384263,Full-time
Canada,product manager,"Product Manager, Chat Actions & Integrations",Ada Inc.,Null,Null,Canada,"You will be responsible for building and maintaining our chat actions framework, building new integrations that automate workflows, and proposing strategic…",4.0,2022-07-13 20:54:20.389607,Full-time
Canada,product manager,Product Manager,Null,Null,Null,"Toronto, ON",Lead product development initiatives utilizing user and competitive research.,Null,2022-08-11 20:54:20.394027,Full-time
Canada,product manager,"Product Manager, Google Cloud",Google,Null,Null,"Waterloo, ON","Experience developing and launching products and technologies within Cloud, SaaS, enterprise, internal tools or supply chain networks.",4.3,2022-07-13 20:54:20.399340,Full-time
Canada,product manager,Associate Product Manager - Colocation - Americas,Null,Null,+1 location,+1 locationRemote,Participates in regular touch points with key internal stakeholders and customers to solicit feedback for new product ideas and improvements to existing product…,Null,2022-07-13 20:54:20.404258,Full-time
Canada,product manager,Project/Product Manager,Deloitte,Null,Null,"Toronto, ON",Minimum of 3-5 years of experience as a project manager with direct experience in technology operations and support and completed post-secondary program or…,3.9,2022-07-21 20:54:20.409366,Null
Canada,product manager,Product Manager - Virtual Pharmacy,TELUS,Null,Null,"Remote in Toronto, ON","Collaborate with architecture, product management and development teams to understand feature roadmap and technical requirements.",3.9,2022-07-22 20:54:20.414313,Full-time
Canada,data scientist,Data Scientist,Dynacare,Null,Null,"Brampton, ON","The data scientist will contribute to various stages of analytic modeling life cycle; engaging in data collection, preparation, analysis, and data dissemination…",3.5,2022-08-11 20:54:21.614677,Full-time
Canada,data scientist,data scientist,Ottawa Hospital Research Institute,4840-6813,Null,"Remote in Ottawa, ON",Null,3.9,2022-07-13 20:54:21.620680,Null
Canada,data scientist,Data Scientist,BOEING,Null,Null,"Remote in Richmond, BC",Helps setup of data and modeling pipelines.,3.9,2022-08-10 20:54:21.625846,Null
Canada,data scientist,Data Scientist,McCain Foods (Canada),Null,Null,"Temporarily Remote in Toronto, ON",O Experience in predictive algorithm development and data validation.,3.6,2022-08-12 20:54:21.630893,Full-time
Canada,data scientist,Data Scientist,Weatherford,Null,Null,"Calgary, AB",Experience with Big Data and streaming data.,3.9,2022-08-08 20:54:21.636304,Full-time
Canada,data scientist,Data Scientist,Lululemon,Null,Null,"Vancouver, BC",Collaborate with data engineering teams to improve data quality and availability.,4.2,2022-07-15 20:54:21.641801,Null
Canada,data scientist,Data Scientist,Fraser Health,Null,Null,"Surrey, BC","Thorough knowledge of the principles, processes, procedures and methods involved in data mining, data analysis, statistical methods, and machine learning.",3.7,2022-07-13 20:54:21.646641,Full-time
Canada,data scientist,"Intern, Data Scientist – Computer Vision",Canadian National Railway,Null,Null,Alberta,"Perform research on efficient learning algorithms that require fewer manually labeled data sets such as Active Learning, Semi-Supervised learning, and Few-Shot…",3.1,2022-08-11 20:54:21.652194,Full-time +1
Canada,data scientist,"Analyst I, Data Science",Moneris Solutions,Null,Null,"Toronto, ON","Under direction, conduct data science analysis and reporting to analytics teams.",3.4,2022-07-13 20:54:21.657666,Full-time
Canada,data scientist,Data Scientist (Remote),Yelp,Null,+1 location,"Remote in Vancouver, BC+1 location","Communicate key insights from analyses, experiments and data products to stakeholders.",3.4,2022-07-13 20:54:21.663413,Null
Canada,data scientist,Data Scientist,Null,80000-120000,Null,"Calgary, AB",Assess the effectiveness and accuracy of new data sources and data gathering techniques.,Null,2022-07-13 20:54:21.668297,Null
Canada,data scientist,Data Scientist,Baker Hughes,Null,Null,"Calgary, AB","Have numerical skills used in a data science context, including working with numerical data in analytics and/or machine learning contexts.",4.0,2022-07-26 20:54:21.673884,Full-time
Canada,data scientist,Data Scientist,Null,Null,Null,"Kitchener, ON","Utilizing an organization’s operational and IoT (Internet of Things) data as-is, where-is, and applying AI (artificial intelligence) tools like ML (Machine…",Null,2022-07-13 20:54:21.678528,Null
Canada,data scientist,"Data Scientist, Canada (Remote)",Null,Null,Null,"Remote in Kingston, ON",Flexibility in working with a variety of data science approaches.,Null,2022-07-13 20:54:21.682255,Null
Canada,data scientist,Data Scientist,Royal Bank of Canada,Null,Null,"Toronto, ON",Experience with big data processing technologies like Spark.,4.0,2022-07-13 20:54:21.687346,Full-time
Canada,marketing specialist,Strategic Marketing Specialist,Canadian Tire Corporation,Null,Null,"Calgary, AB","Assist in the development of yearly cooperative marketing plans in partnership with marketing, sales, buying and product teams.",3.6,2022-08-12 20:54:23.050916,Full-time
Canada,marketing specialist,Marketing Specialist,amdocs,Null,Null,Remote in Ontario,Supporting the delivery of Vubiquity’s marketing and branding strategies.,3.8,2022-08-06 20:54:23.056842,Null
Canada,marketing specialist,Marketing Specialist,KPMG,Null,Null,"Calgary, AB",Collaborate with our national and regional marketing teams in the development and execution of integrated marketing and communications programs.,3.9,2022-08-06 20:54:23.062263,Full-time
Canada,marketing specialist,Marketing Specialist,Siemens,Null,Null,"Remote in Oakville, ON","Develop annual marketing strategies, and manage the marketing budget and spending for respective businesses.",4.0,2022-07-13 20:54:23.068126,Full-time
Canada,marketing specialist,Marketing and Communications Specialist,City of Burnaby,6011-6264,Null,"Burnaby, BC","This is specialized communications, marketing and public engagement work across all City departments.",3.8,2022-08-11 20:54:23.074574,Null
Canada,marketing specialist,Marketing Specialist,McMaster University,Null,Null,"Hamilton, ON","Support the development of campaigns and program marketing plans with clearly defined goals, objectives, target audience, marketing mediums, and performance…",4.3,2022-08-04 20:54:23.080819,Null
Canada,marketing specialist,Digital Marketing Specialist,Null,Null,+1 location,"Remote in Toronto, ON+1 location",Maintain consistent brand messaging throughout all marketing platforms.,Null,2022-08-12 20:54:23.117095,Null
Canada,marketing specialist,"Specialist, Brand & Marketing",WWF,Null,Null,"Remote in Toronto, ON",3-5 years of marketing experience.,4.1,2022-08-11 20:54:23.122765,Null
Canada,marketing specialist,Associate Marketing Specialist,SSENSE,Null,Null,"Montréal, QC",Translate high-level objectives into marketing requirements.,3.1,2022-07-30 20:54:23.127742,Full-time
Canada,marketing specialist,MARKETING SPECIALIST - ADVERTISING,Null,29,Null,"Rock Creek, BC",Plan and direct advertising and marketing campaigns.,Null,2022-08-05 20:54:23.133539,Null
Canada,marketing specialist,Digital Marketing Specialist,University of British Columbia,5906-8508,+1 location,"University of British Columbia (Okanagan campus), BC+1 location",Experience with marketing and promotions.,4.1,2022-07-30 20:54:23.140340,Null
Canada,marketing specialist,digital marketing specialist,Null,3150,Null,"Remote in Mississauga, ON",Answer written and oral inquiries.,Null,2022-08-09 20:54:23.145427,Null
Canada,marketing specialist,marketing specialist - advertising,Null,31,Null,"London, ON",Act as spokesperson for an organization.,Null,2022-07-13 20:54:23.150331,Null
Canada,marketing specialist,content marketing specialist,Null,60000-70000,Null,"Remote in Vancouver, BC","Assist in the preparation of brochures, reports, newsletters and other material.",Null,2022-07-21 20:54:23.155459,Null
Canada,marketing specialist,Marketing Specialist Co-op - Fall 2022,Null,Null,+1 location,"Toronto, ON+1 location","The first to offer free credit scores, Borrowell provides educational resources, monitoring, innovative digital tools and personalized product recommendations…",Null,2022-07-13 20:54:23.160150,Full-time +1
Canada,ui ux-designer,UI/UX Designer,HRdownloads,Null,Null,"Remote in London, ON","Under the direction of Product Managers, the UI/UX Designer is primarily responsible for overseeing the creation of design solutions to ensure HRdownloads…",4.0,2022-08-05 20:54:24.876329,Full-time
Canada,ui ux-designer,UI/UX Product Designer,Null,Null,Remote,Remote,"Dash enables data scientists to quickly and easily build and deploy highly functional, production-grade data apps in Python.",Null,2022-08-03 20:54:24.881815,Null
Canada,ui ux-designer,UX Designer,Ubisoft,Null,+1 location,"Remote in Winnipeg, MB+1 location","You’ll assess business objectives, user needs and technological capacity and develop concrete solutions, then discuss and apply them in collaboration with the…",3.8,2022-07-13 20:54:24.887246,Full-time
Canada,ui ux-designer,"UX Designer, Advertising UX",Amazon Dev Centre Canada ULC,Null,Null,"Toronto, ON","We are looking for a user experience designer that loves learning, and is passionate about conceiving experiences in the abstract and then driving that vision…",3.5,2022-08-11 20:54:24.892667,Full-time
Canada,ui ux-designer,User Experience (UX) Designer II,Luxoft,Null,Remote,Remote,Provides constructive design feedback to other designers as part of normal design critique.,4.4,2022-07-13 20:54:24.897977,Null
Canada,ui ux-designer,UX Designer,Royal Bank of Canada,Null,Null,"Hybrid remote in Toronto, ON",Our goal is to make every RBC Wealth Management customer touchpoint consistently outstanding.,4.0,2022-07-13 20:54:24.902953,Null
Canada,ui ux-designer,UX Designer - 1 year contract,Ubisoft,Null,Null,"Montréal, QC","Respect ergonomic criteria such as information architecture, zonings, wireframes by working in concert with your UI designer;",3.8,2022-07-26 20:54:24.907727,Full-time
Canada,ui ux-designer,UI/UX Designer 6 Month Contract,Null,Null,Null,"Calgary, AB",You are passionate about technology and have familiarity with automated testing tools and procedures.,Null,2022-07-27 20:54:24.911918,Null
Canada,ui ux-designer,UI/UX Designer,Appnovation Technologies,Null,Null,"Toronto, ON","3-5 years' experience creating interfaces, large-scale digital experiences and/or applications with a digital design portfolio.",4.0,2022-07-23 20:54:24.916268,Null
Canada,ui ux-designer,Interface UX Designer Co-op/Intern,NOKIA,Null,Null,"Hybrid remote in Ottawa, ON","Work closely with product management, interaction designers and developers.",4.1,2022-07-29 20:54:24.921550,Full-time +1
Canada,ui ux-designer,UI/UX Designer (Fixed-Term Opportunity),Teranet,Null,Null,"Toronto, ON","We also market insightful property and data solutions, as well as practice management automation to thousands of customers in the real estate, financial…",3.8,2022-08-02 20:54:24.926617,Full-time
Canada,ui ux-designer,UI/UX Designer,Null,Null,Null,"Montréal, QC","We're looking for a dedicated designer, with a passion for well-crafted websites that ultimately convert into sales for our clients.",Null,2022-07-13 20:54:24.931163,Full-time
Canada,ui ux-designer,UI/UX Artist,Null,Null,+1 location,"Remote in Vancouver, BC+1 location","Minimum 2 years as a graphic designer, UX designer, UI designer or similar experience.",Null,2022-07-30 20:54:24.936592,Full-time
Canada,ui ux-designer,UI/UX Designer,Null,Null,Null,"Remote in Montréal, QC",Act as a key person for end-to-end product design process from identifying problems to launch.,Null,2022-07-25 20:54:24.940692,Null
Canada,ui ux-designer,UX Designer (Remote - Canada),Null,Null,Null,"Remote in Toronto, ON","Collaborating with our team, you will be responsible for helping make our vision a reality by taking product requirements and designing product capabilities…",Null,2022-07-13 20:54:24.944471,Full-time
Canada,software engineer,Software Engineering: Intern Opportunities for University St...,Microsoft,Null,Null,"Vancouver, BC",Software engineers (SWEs) work with teammates to solve problems and build innovative software solutions.,4.2,2022-08-02 20:54:26.284018,Internship / Co-op
Canada,software engineer,SOFTWARE ENGINEER,Null,5288,Null,"Coquitlam, BC","Lead and co-ordinate teams of information systems professionals in the development of software and integrated information systems, process control software and…",Null,2022-08-12 20:54:26.290022,Null
Canada,software engineer,Software Engineering: Fulltime Opportunities for University...,Microsoft,Null,Null,"Vancouver, BC",Software engineers (SWEs) work with teammates to solve problems and build innovative software solutions.,4.2,2022-08-02 20:54:26.295378,Full-time
Canada,software engineer,Software Engineer,Microsoft,Null,Null,"Vancouver, BC",Experience with software development lifecycle and agile methodologies.,4.2,2022-07-13 20:54:26.300726,Full-time
Canada,software engineer,Software Engineer Intern,Roche,Null,Null,"Temporarily Remote in Mississauga, ON","Completed at least 2 years of college/university to be eligible for the program of Engineering majors (Computer Science, Computer Engineering, Software…",4.2,2022-07-29 20:54:26.306532,Full-time +1
Canada,software engineer,"Software Developer, New Grad",Siemens,Null,Null,"Remote in Concord, ON","Experience with at least one of the following: C#, C++, ASP.",4.0,2022-08-05 20:54:26.311976,Full-time
Canada,software engineer,Viva Glint Software Engineer – Vancouver,Microsoft,Null,Null,"Vancouver, BC",We are seeking software engineers to build scalable and performant user facing experiences and applications using engineering best practices.,4.2,2022-08-12 20:54:26.317439,Full-time
Canada,software engineer,Software Engineer,MasterCard,Null,Null,"Hybrid remote in Vancouver, BC","Strong foundation in algorithms, data structures, and core computer science concepts.",4.0,2022-08-11 20:54:26.323041,Full-time
Canada,software engineer,Software Engineer,Null,Null,Remote,Remote,Minimum of 2 years of experience in software development.,Null,2022-08-12 20:54:26.328427,Full-time
Canada,software engineer,"Intern, Software Engineer",Autodesk,Null,Null,"Remote in Toronto, ON",Work with your scrum team to deliver working software frequently.,4.1,2022-07-13 20:54:26.333771,Full-time +1
Canada,software engineer,SOFTWARE ENGINEER,Null,125600,Null,"Parksville, BC",Collect and document user's requirements and develop logical and physical specifications.,Null,2022-07-26 20:54:26.339008,Null
Canada,software engineer,Jr. Software Engineer - Lighthouse,KPMG,Null,Null,"Toronto, ON","Bachelor’s in computer science, Software Engineering, or related disciplines.",3.9,2022-07-13 20:54:26.344636,Full-time
Canada,software engineer,Junior Software Developer,NAV Canada,81635-99208,Null,"Ottawa, ON",At least 1-3 years of experience in software development.,4.1,2022-08-04 20:54:26.350778,Null
Canada,software engineer,Software Engineer,Null,107500,Null,"Toronto, ON",Passionate technologists with 1+ years of software development experience.,Null,2022-08-12 20:54:26.356343,"From $107,500 a year"
Canada,software engineer,"Front-End Software Engineer, Grammarly for Developers",Null,122000-239000,Remote,Remote,"Has a good knowledge of computer-science fundamentals, algorithms, and data structures.",Null,2022-07-29 20:54:26.361525,Null
Canada,data analyst,Data Analyst,Royal Bank of Canada,Null,+1 location,"Toronto, ON+1 location",Good knowledge of securities and data management industry.,4.0,2022-08-12 20:54:27.654950,Full-time
Canada,data analyst,Data Analyst,Canadian Tire Corporation,Null,Null,"Toronto, ON",Perform data quality scans on various related data sets.,3.6,2022-08-09 20:54:27.661093,Full-time
Canada,data analyst,"Analyst I, Data Science",Moneris Solutions,Null,Null,"Toronto, ON","Under direction, conduct data science analysis and reporting to analytics teams.",3.4,2022-07-13 20:54:27.666117,Full-time
Canada,data analyst,Statistical Analyst,Government of Saskatchewan,3093-3876,Null,"Regina, SK","The position will regularly develop, run, and troubleshoot Microsoft Excel formulas and SPSS queries and scripts to ensure the quality, efficiency and…",3.8,2022-07-29 20:54:27.671881,Null
Canada,data analyst,Junior Data Analyst,O2E Brands,Null,Null,"Remote in Vancouver, BC",Passion for data and visualization.,4.1,2022-07-13 20:54:27.677006,Full-time
Canada,data analyst,Data Analyst,Null,Null,+1 location,"Remote in Toronto, ON+1 location",Experience using a variety of data mining/data analysis methods.,Null,2022-08-05 20:54:27.681758,Full-time
Canada,data analyst,Data Analyst [Remote],Viafoura Inc.,Null,Null,"Remote in Toronto, ON","Formulate and lead guided, multifaceted analytic studies against large volumes of data.",5.0,2022-08-05 20:54:27.687881,Full-time
Canada,data analyst,data analyst - informatics and systems,Null,42,Null,"Oakville, ON","Research and document data requirements, data collection and administration policy, and data access rules.",Null,2022-08-12 20:54:27.693687,Null
Canada,data analyst,Data Analyst #22-198 (Job opportunity),Public Health Sudbury & Districts,3914-4602,Null,"Remote in Greater Sudbury, ON","Provides training in data analysis and data analysis tools, as appropriate.",3.8,2022-08-05 20:54:27.699807,Null
Canada,data analyst,Sr. Data Analyst (Program Admin Officer 4),Province of Nova Scotia,5827-6844,Null,"Halifax, NS",Demonstrated proficiency using SQL and experience working in data warehouse environments.,3.9,2022-08-11 20:54:27.705881,Null
Canada,data analyst,Senior Data Analyst,Deloitte,Null,Null,"Toronto, ON",Experience with producing conceptual and logical data models is an advantage.,3.9,2022-08-06 20:54:27.711081,Null
Canada,data analyst,Data Analyst (Data Management),Nova Scotia Power Inc.,Null,Null,"Halifax, NS",Building data dictionaries and classifying data for confidentiality.,4.1,2022-08-11 20:54:27.716100,Full-time
Canada,data analyst,Data Business Analyst,EDC,89000-133600,Null,"Ottawa, ON","Minimum 7 years in a business/data analysis role involving reporting/analytics projects, data warehouse and or data platforms.",3.8,2022-08-03 20:54:27.722486,Null
Canada,data analyst,Data Analyst,Coca-Cola Canada Bottling Limited,Null,Null,"Toronto, ON",1- 3 years in data analysis and model building.,3.4,2022-07-29 20:54:27.727618,Full-time
Canada,data analyst,Data Analyst,Compassion Canada,Null,Null,"Remote in London, ON",Experience in similar data analyst roles in other organizations.,4.7,2022-07-29 20:54:27.733340,Full-time
USA,product manager,"Product Design Manager, Communities",Discord,158000,+1 location,"Remote in San Francisco, CA 94107+1 location",You'll build close bonds with your corresponding engineering and product management leaders to influence product strategy and ensure world-class product…,4.4,2022-07-13 20:54:29.218298,Null
USA,product manager,Rotational Product Manager (RPM),Meta,Null,+3 locations,+3 locationsRemote,You'll also define and analyze metrics that ensure the success of products.,4.1,2022-07-19 20:54:29.224505,Full-time
USA,product manager,"Product Manager, Cart & Checkout",Under Armour,Null,Remote,Remote,"You write specifications and lead multidisciplinary teams (engineering, design, project management, etc.) to deliver features to our consumers.",3.8,2022-08-10 20:54:29.230238,Null
USA,product manager,Senior Product Manager - Home Services,Redfin,139400154100,Null,"Remote in Seattle, WA",5+ years of experience as a software product manager.,3.4,2022-08-12 20:54:29.235996,Null
USA,product manager,Junior Product Manager (Remote-US),BuildZoom,90000120000,Remote,Remote,Experience achieving business outcomes through user centered design.,3.8,2022-07-27 20:54:29.242081,Null
USA,product manager,Product Manager,ROHDE & SCHWARZ GmbH & Co. KG,Null,+3 locations,+3 locationsRemote,Null,3.9,2022-08-08 20:54:29.247904,Null
USA,product manager,Product Manager I,Disney Media & Entertainment Distribution,Null,+2 locations,"San Francisco, CA+2 locations",As a Product Manager you’ll be responsible for working collaboratively with other product managers defining feature requirements which you will deliver to…,4.1,2022-08-03 20:54:29.254218,Null
USA,product manager,Wild Health - Product Manager - Direct Hire [Remote],Braintrust,160000180000,+3 locations,"Remote in San Francisco, CA+3 locations","Reporting to the Director of Product you will help define their end-to-end product vision, strategy and execution by collaborating closely with their…",4.5,2022-07-22 20:54:29.260141,Null
USA,product manager,Product Manager,Null,Null,Remote,Remote,"Craft psychedelic therapy products that create transformational clinical outcomes and client experiences, at scale.",Null,2022-07-13 20:54:29.265794,Full-time
USA,product manager,"Product Manager, CMS (Remote)",Paramount+,Null,+7 locations,"Remote in New York, NY 10036+7 locations","Manage a backlog of user stories to deliver features, improvements and fixes most critical to meeting our business, product and team goals.",3.9,2022-07-15 20:54:29.272584,Full-time
USA,product manager,Product Manager - Remote,U.S. Bank,108545127700,+10 locations,+10 locationsRemote,Assists in the development of strategic roadmap development and prioritization in support of future features and functionality; and.,3.6,2022-08-10 20:54:29.279476,Null
USA,product manager,Associate Product Manager (Remote),Home Depot / THD,130000,+1 location,"Remote in Atlanta, GA 30301+1 location","Advocates for the end user and stakeholder by becoming associated with the product, empathizing with and understanding user needs.",3.7,2022-08-04 20:54:29.286395,Null
USA,product manager,"Product Design Manager, Enablement",Etsy,Null,Null,"Remote in Brooklyn, NY 11201",You’ll also partner with product and engineering leaders to improve operations and drive the strategy that will ultimately result in tooling that becomes the…,4.3,2022-08-10 20:54:29.292149,Full-time
USA,product manager,Product Manager,Null,65000120000,Remote,Remote,Lead cross functional product teams.,Null,2022-07-20 20:54:29.297498,Null
USA,product manager,Product Manager,NEOGOV,Null,+1 location,+1 locationRemote,Organize and manage the product backlog through the creation of epics and detailed user stories.,3.6,2022-08-12 20:54:29.304293,Full-time
USA,data scientist,Data Scientist (Remote),Yelp,88000220000,Remote,Remote,Null,3.4,2022-07-13 20:54:30.824362,Null
USA,data scientist,Data Scientist (Hybrid),State of Connecticut - Department of Public Health,99524129107,(Frog Hollow area),"Hartford, CT 06106 (Frog Hollow area)",Null,4.0,2022-08-12 20:54:30.831143,Null
USA,data scientist,Data Scientist,Commerce Bank,Null,(CBD Downtown area),"Kansas City, MO 64105 (CBD Downtown area)",Null,4.0,2022-08-06 20:54:30.837410,Full-time
USA,data scientist,data scientist (multiple openings) - Remote,Starbucks,Null,+3 locations,"Remote in Seattle, WA+3 locations",Null,3.9,2022-07-13 20:54:30.843335,Full-time
USA,data scientist,Data Scientist,Fast Radius,Null,Remote,Remote,Null,4.0,2022-08-12 20:54:30.850272,Full-time
USA,data scientist,"Data Scientist, Spotify For Artists",Spotify,Null,+4 locations,"Remote in New York, NY+4 locations",Null,4.3,2022-07-13 20:54:30.856136,Null
USA,data scientist,Data Entry Specialist,Post Acute Analytics,Null,Remote,Remote,Null,2.0,2022-08-11 20:54:30.861691,Full-time
USA,data scientist,Data Scientist,Microsoft,Null,+9 locations,"Remote in Bellevue, WA+9 locations",Null,4.2,2022-08-06 20:54:30.867553,Full-time
USA,data scientist,Data Scientist Co-Op,Bayer,Null,+9 locations,"Chesterfield, MO+9 locations",Null,4.1,2022-08-05 20:54:30.873702,Internship
USA,data scientist,Atmospheric Data Scientist,UC San Diego,63400103100,Null,"San Diego, CA",Null,4.2,2022-08-11 20:54:30.879957,Null
USA,data scientist,"Senior Data Scientist, Analytics - Messaging Experience",Discord,175000,+2 locations,"Hybrid remote in San Francisco, CA 94107+2 locations",Null,4.4,2022-07-13 20:54:30.886234,Null
USA,data scientist,Data Scientist,Johns Hopkins Applied Physics Laboratory,Null,+6 locations,"Laurel, MD 20723+6 locations",Null,4.0,2022-07-15 20:54:30.892064,Full-time
USA,data scientist,Data Scientist - Customer Facing,Null,Null,+1 location,"Remote in Boston, MA+1 location",Null,Null,2022-08-10 20:54:30.896744,Null
USA,data scientist,Data Scientist,Liberty Mutual Insurance,87900161600,+4 locations,+4 locationsRemote,Null,3.6,2022-07-13 20:54:30.903395,Null
USA,data scientist,Data Scientist 2,The Coca-Cola Company,Null,Null,"Plano, TX 75024",Null,3.9,2022-08-03 20:54:30.909234,Full-time
USA,marketing specialist,Marketing Specialist,Reynolds and Reynolds,Null,Null,"Dayton, OH 45430",Knowledge of account based marketing strategy is a plus.,3.2,2022-08-10 20:54:32.775070,Full-time
USA,marketing specialist,Marketing Specialist,Null,4640058000,Null,"Des Moines, IA",SHAZAM’s looking for the right talent to fill the position of marketing specialist.,Null,2022-08-12 20:54:32.780457,Null
USA,marketing specialist,Marketing Specialist,Delta Dental Ins.,Null,Remote,Remote,"Experience leading or supporting development and implementation of marketing strategy, tactics and approaches including direct marketing, digital and web/on…",3.5,2022-08-12 20:54:32.786750,Full-time
USA,marketing specialist,Marketing Specialist 2,UC San Diego,5700063000,(Torrey Pines area),"San Diego, CA 92093 (Torrey Pines area)","This position uses marketing concepts and multiple applications and platforms to perform non-complex market services and other related activities, such as…",4.2,2022-08-12 20:54:32.793152,Null
USA,marketing specialist,Shopper Marketing Specialist - RCCB,Reyes Coca-Cola Bottling,Null,Null,"Niles, IL 60714",Basic sales and marketing experience.,2.3,2022-07-13 20:54:32.798496,Full-time
USA,marketing specialist,Social Media Marketing Specialist,Knoxville TVA Employees Credit Union,1820,Null,"Knoxville, TN 37932",Provide social media support for marketing campaigns and promotions.,3.6,2022-07-21 20:54:32.804968,Null
USA,marketing specialist,Email Marketing Specialist,Null,Null,Remote,Remote,"Then measuring performance and lift from email marketing and setting correct attribution towards sales, conversions, and actions taken from email marketing…",Null,2022-08-12 20:54:32.809691,Null
USA,marketing specialist,"Marketing Specialist, Social Media",CRATE & BARREL,Null,Null,"Northbrook, IL",Support execution of brand marketing campaigns as needed.,3.6,2022-08-07 20:54:32.815358,Full-time
USA,marketing specialist,Marketing Specialist (Fully Remote),Null,Null,Remote,Remote,Our marketing team is responsible for using a full marketing mix to meet the needs of current and prospective clients.,Null,2022-08-10 20:54:32.820981,Full-time
USA,marketing specialist,Marketing Email Specialist,Kinetix,Null,Remote,Remote,Understanding of email or online marketing practices and principles.,3.3,2022-08-08 20:54:32.829451,Null
USA,marketing specialist,Marketing Specialist (Entry) - Strategic Marketing - M,Bayer,Null,+1 location,"Creve Coeur, MO 63141+1 location","Proven advanced experience in Adobe Creative Suite (InDesign, Photoshop, Illustrator).",4.1,2022-08-12 20:54:32.838723,Contract
USA,marketing specialist,"Marketing Specialist, NY Store",Saks Fifth Avenue,Null,Null,"New York, NY",Lead the internal Communications for their internal client group to increase awareness of marketing events and selling opportunities attached to them.,3.5,2022-08-10 20:54:32.846171,Full-time
USA,marketing specialist,Digital Marketing Specialist,Arrowhead Credit Union,80080,Null,"Rancho Cucamonga, CA 91730",The Digital Marketing Specialist role is responsible for all aspects of the organization’s digital/online marketing initiatives and communications.,3.5,2022-07-13 20:54:32.855234,"From $80,080 a year"
USA,marketing specialist,Marketing Specialist,Andretti Indoor Karting & Games,15,(Florida Center area),"Orlando, FL 32819 (Florida Center area)",Support marketing executives in organizing various projects.,3.3,2022-08-12 20:54:32.866267,Null
USA,marketing specialist,Marketing Projects Specialist,E. & J. Gallo Winery,Null,Null,"Modesto, CA",Completes basic marketing analyses and promotional analyses.,4.1,2022-08-12 20:54:32.874610,Null
USA,ui ux-designer,UX/UI DESIGNER (REMOTE!),Cella,Null,Null,"Remote in Philadelphia, PA 19147","This User Experience Designer is regarded as an expert product and service designer, as well as a user experience thought leader with strong business acumen.",3.4,2022-08-12 20:54:34.650263,Full-time +1
USA,ui ux-designer,UX/UI Designer,Evoke Health,Null,Null,"Remote in San Francisco, CA","(Keep in mind that depending on your role and brand assignment, you may be required to adhere somewhat to west coast hours.).",4.5,2022-07-13 20:54:34.656320,Null
USA,ui ux-designer,UI/UX Designer - Remote,NextEra Energy,Null,+1 location,"Remote in San Francisco, CA 94108+1 location",This is an outstanding opportunity for a team player with a customer first mindset and a proven record of designing highly engaging digital experiences to…,3.9,2022-07-14 20:54:34.661721,Full-time
USA,ui ux-designer,UI/UX DESIGNER - MOBILE AND WEB APPS,Null,85000110000,Null,"Remote in Evanston, IN","Remote with quarterly onsite meetings in Evanston office, United States of America.",Null,2022-07-13 20:54:34.666817,Null
USA,ui ux-designer,UI/UX Designer,"Berkeley Research Group, LLC",Null,(Midtown area),"New York, NY 10019 (Midtown area)","Collaborate with stakeholders, developers, and designers to guide design decisions;",3.5,2022-08-10 20:54:34.673097,Full-time
USA,ui ux-designer,UX/UI Designer,Null,Null,Null,"Remote in San Francisco, CA","(Keep in mind that depending on your role and brand assignment, you may be required to adhere somewhat to west coast hours.).",Null,2022-07-13 20:54:34.676959,Null
USA,ui ux-designer,UI / UX Designer,Null,Null,(Financial District/South Beach area),"San Francisco, CA 94111 (Financial District/South Beach area)",The successful candidate will evidence a passion for delivering adaptive and creative solutions to UI/UX design problems by staying up to date with best…,Null,2022-07-13 20:54:34.681524,Full-time
USA,ui ux-designer,UI/UX Designer,Null,Null,Null,"Jackson Heights, NY 11372",Required Skill: Designing UI for Mobile domain (iPhone/Android /Blackberry/Java EE).,Null,2022-07-13 20:54:34.687031,Null
USA,ui ux-designer,Mobile UI/UX Designer,Null,Null,Null,"Jersey City, NJ",Proven experience as a UX/UI designer with a strong portfolio.,Null,2022-07-20 20:54:34.691196,Full-time
USA,ui ux-designer,UI / UX Designer,Null,Null,Null,"San Francisco, CA",You will work closely with the product team to conceptualize and execute on designs to solve problems for our products.,Null,2022-08-12 20:54:34.695421,Full-time
USA,ui ux-designer,UI/UX Designer,Null,Null,Null,"Jackson Heights, NY",Should have experience of designing UI for Mobile domain (iPhone/Android /Blackberry/Java EE) and also web applications and web sites.,Null,2022-07-13 20:54:34.700018,Null
USA,ui ux-designer,Associate UX Designer,aPriori,Null,Remote,Remote,3-5 years as a user experience designer or other equivalent title.,4.5,2022-08-12 20:54:34.705481,Null
USA,ui ux-designer,UI/UX Designer,Breeze Airways™,Null,Null,"Remote in Cottonwood Heights, UT","Partner with the Lead UI/UX designer, Product Managers, and Software Engineers to guide our user experience.",2.3,2022-08-12 20:54:34.710193,Null
USA,ui ux-designer,UI/UX Designer,10Pearls,Null,+1 location,"Tysons Corner, VA 22182+1 location","Experience working in a multidisciplinary environment (with other designers, engineers, data scientists).",4.1,2022-08-12 20:54:34.716056,Full-time
USA,ui ux-designer,Sr. UI/UX Designer,Veryable,Null,(Downtown area),"Dallas, TX 75202 (Downtown area)",Help grow and mentor other designers on the team.,4.3,2022-08-11 20:54:34.721929,Null
USA,software engineer,"Software Engineer, Early Career",Viasat,88950,+20 locations,"Remote in Carlsbad, CA+20 locations","Experience developing software in a team environment leveraging best practices such as version control, build automation, bug tracking, test driven development…",3.7,2022-08-11 20:54:36.391668,Null
USA,software engineer,"Software Engineer, Customer Trust",Netflix,Null,+2 locations,+2 locationsRemote,We are looking for a software engineer to build and operate production quality systems at Netflix scale for detection and prevention across the fraud landscape.,3.9,2022-07-22 20:54:36.397752,Null
USA,software engineer,Junior Software Engineer,FCA,Null,+1 location,"Auburn Hills, MI 48326+1 location",Build cloud based REST APIs and micro services using serverless cloud technologies.,4.0,2022-08-12 20:54:36.403014,Null
USA,software engineer,Software Application Development Engineer,Intel,Null,+3 locations,"Hybrid remote in Phoenix, AZ 85018+3 locations",3+ months of experience in object-oriented software design and development.,4.1,2022-08-12 20:54:36.408647,Full-time
USA,software engineer,Software Engineer II,Hulu,Null,+2 locations,"Santa Monica, CA 90404+2 locations","If you are someone who effectively moves between high-level concepts and low-level execution, then this is a great role for you!",3.8,2022-07-13 20:54:36.414763,Full-time
USA,software engineer,Software Engineer,SmartAsset,130000150000,+1 location,+1 locationRemote,"Deliver, as part of an Agile Delivery Team, secure, scalable, performant cloud services and applications.",4.1,2022-07-13 20:54:36.422014,Null
USA,software engineer,Software Development Engineer,Adobe,Null,+23 locations,"San Jose, CA+23 locations","As a full-stack developer, you’ll be an integral member of our Engineering team and have a strong technical background, participating in architecture…",4.3,2022-08-12 20:54:36.428473,Full-time
USA,software engineer,Software Engineer,Null,130000155000,+1 location,+1 locationRemote,Our suite of software tools will require engineers to build out significant portions of our data warehouse and pipelines using industry standard tools and…,Null,2022-07-13 20:54:36.434221,Null
USA,software engineer,"Platforms Software Engineer, Wirecutter",The New York Times,Null,Remote,Remote,"We focus on scale, reliability, performance and product agility, which means picking the right tool for the job, while also being pragmatic and flexible as…",4.0,2022-07-13 20:54:36.440032,Full-time
USA,software engineer,Junior Software Engineer,KBR,Null,Null,"Carlsbad, CA",KBR (Mission Integration Programs) is seeking Software Engineers for long term employment to develop breakthrough products and innovative software applications…,4.1,2022-07-30 20:54:36.445413,Full-time
USA,software engineer,Software Engineer I/II,Microsoft,Null,(Overlake area),"Redmond, WA 98052 (Overlake area)+64 locations","You will have opportunities to work on multiple layers of the technology stack, ranging from customer-focused user experience work, building scalable…",4.2,2022-08-09 20:54:36.451786,Full-time
USA,software engineer,Software Engineer I,Paychex,Null,+5 locations,+5 locationsRemote,"Develop, test, deploy, maintain and improve software to meet requirements.",3.6,2022-08-05 20:54:36.457774,Full-time
USA,software engineer,Software Engineer,CBS Sports,Null,+9 locations,"Remote in New York, NY 10036+9 locations","BS degree in Computer Science, similar technical field of study or equivalent practical experience.",3.9,2022-08-12 20:54:36.463666,Full-time
USA,software engineer,Software Research Engineer/Scientist - RET,Intel,Null,+2 locations,"Hillsboro, OR 97124+2 locations","Position also applies software engineering methods towards the investigation and solution of technical RET problems, utilizing principles and theories in…",4.1,2022-08-12 20:54:36.469790,Full-time
USA,software engineer,Software Engineer - Channel Moderation,"Twitch Interactive, Inc.",Null,+126 locations,"San Francisco, CA+126 locations",Develop features and care for the final user experience.,3.5,2022-07-13 20:54:36.475382,Full-time
USA,data analyst,Associate Data Analyst,DTE Energy,Null,+1 location,"Detroit, MI+1 location",Owns data cleansing and accuracy for various data elements used publicly.,3.9,2022-08-12 20:54:37.988494,Null
USA,data analyst,Sr. Risk Data Analyst,Upgrade,100000135000,Remote,Remote,Enhance data and analysis work by providing actionable insight to your manager.,3.2,2022-08-12 20:54:37.996333,Null
USA,data analyst,Marketing Analyst - Data collection,SpectrumAM,5060,Null,"San Antonio, TX 78232","Deep knowledge of data warehousing, and mining.",3.2,2022-08-12 20:54:38.004250,Null
USA,data analyst,Software Data Analyst,Pearson,4000058000,+51 locations,"Boise, ID 83756+51 locations",This position is ideal for a recent graduate from a 4-year university with a degree similar to software engineering.,3.7,2022-08-11 20:54:38.012239,Null
USA,data analyst,Business Data Analyst,University of Utah,4760090400,+2 locations,"Remote in Salt Lake City, UT 84112+2 locations","Interprets results using a variety of techniques, ranging from simple data aggregation via statistical analysis to complex data mining.",4.2,2022-08-12 20:54:38.022120,Null
USA,data analyst,"Technical Analyst, Data and Analytics",Pinterest,Null,(South of Market area),"San Francisco, CA 94103 (South of Market area)","Demonstrated experience extracting, manipulating and analyzing complex data using SQL or comparable languages.",4.2,2022-08-06 20:54:38.030229,Null
USA,data analyst,Planning & Equity Data Analyst,City of Seattle,41664848,(Downtown area),"Seattle, WA 98104 (Downtown area)",Analyzing existing conditions and trends using a wide range of quantitative data as well as data from community engagement and participatory research.,3.8,2022-08-12 20:54:38.039954,Null
USA,data analyst,Data Analyst,Hulu,Null,Null,"Santa Monica, CA","Familiarity with data exploration and data visualization tools like Tableau, Looker, Chartio, etc.",3.8,2022-07-13 20:54:38.045869,Full-time
USA,data analyst,Clinical Data Science Analyst,Regeneron,Null,+1 location,+1 locationRemote,"Provide computational and technical expertise on data storage structures, data mining, data cleaning, and data visualization.",3.7,2022-08-12 20:54:38.052360,Null
USA,data analyst,ITSM Process Data Analyst,Ascension,Null,+2 locations,+2 locationsRemote,"Knowledge of relational databases, data warehouses, data stores and data marts.",3.6,2022-08-12 20:54:38.058333,Full-time
USA,data analyst,Data Analyst - Multiple Locations,U.S. Bank,95540112400,(Downtown District area),"Englewood, CO 80110 (Downtown District area)+3 locations","Supporting continuous improvement through, identifying opportunities to uplift data collections, maintain data integrity, elevate reporting methodology and data…",3.6,2022-07-26 20:54:38.065273,Null
USA,data analyst,Junior Data Analyst,Bob's Stores,Null,Null,"Meriden, CT 06451",Proactively identify trends in data and make recommendations on operational improvements.,3.4,2022-08-12 20:54:38.071514,Full-time
USA,data analyst,Data Analyst,Null,Null,+6 locations,"Santa Monica, CA+6 locations","Familiarity with data exploration and data visualization tools like Tableau, Looker, Chartio, etc.",Null,2022-07-13 20:54:38.076340,Null
USA,data analyst,Data Analyst 4: 22-04635,Akraya Inc.,Null,+4 locations,"Remote in San Francisco, CA 94104+4 locations","Technical skills to manipulate and analyze data in a variety of formats (e.g. SAS, SQL, Access, JCL).",3.6,2022-08-12 20:54:38.082563,Contract
USA,data analyst,L'Oréal Travel Retail Americas- Business Data Analyst,L'Oreal,Null,Null,"Miami, FL",2-year experience in data management and business data analysis.,4.1,2022-07-20 20:54:38.087944,Full-time
